{
  "hash": "9a4abdb1",
  "configHash": "9bb28771",
  "lockfileHash": "07414d12",
  "browserHash": "ef1edc76",
  "optimized": {
    "@angular/common": {
      "src": "../../../../../../node_modules/@angular/common/fesm2022/common.mjs",
      "file": "@angular_common.js",
      "fileHash": "cec07162",
      "needsInterop": false
    },
    "@angular/common/http": {
      "src": "../../../../../../node_modules/@angular/common/fesm2022/http.mjs",
      "file": "@angular_common_http.js",
      "fileHash": "7e89252b",
      "needsInterop": false
    },
    "@angular/core": {
      "src": "../../../../../../node_modules/@angular/core/fesm2022/core.mjs",
      "file": "@angular_core.js",
      "fileHash": "138e0cde",
      "needsInterop": false
    },
    "@angular/platform-browser": {
      "src": "../../../../../../node_modules/@angular/platform-browser/fesm2022/platform-browser.mjs",
      "file": "@angular_platform-browser.js",
      "fileHash": "91bed8ba",
      "needsInterop": false
    },
    "@angular/router": {
      "src": "../../../../../../node_modules/@angular/router/fesm2022/router.mjs",
      "file": "@angular_router.js",
      "fileHash": "b1bf6032",
      "needsInterop": false
    },
    "zone.js": {
      "src": "../../../../../../node_modules/zone.js/fesm2015/zone.js",
      "file": "zone__js.js",
      "fileHash": "ba9377ca",
      "needsInterop": true
    },
    "@angular/forms": {
      "src": "../../../../../../node_modules/@angular/forms/fesm2022/forms.mjs",
      "file": "@angular_forms.js",
      "fileHash": "4791e052",
      "needsInterop": false
    }
  },
  "chunks": {
    "chunk-H2RNF6WC": {
      "file": "chunk-H2RNF6WC.js"
    },
    "chunk-KGPUM7MB": {
      "file": "chunk-KGPUM7MB.js"
    },
    "chunk-GXUVTVW7": {
      "file": "chunk-GXUVTVW7.js"
    },
    "chunk-DASHI2JV": {
      "file": "chunk-DASHI2JV.js"
    },
    "chunk-BE2TGQLL": {
      "file": "chunk-BE2TGQLL.js"
    },
    "chunk-WDMUDEB6": {
      "file": "chunk-WDMUDEB6.js"
    }
  }
}