{
  "hash": "20867215",
  "configHash": "5a4bbf5e",
  "lockfileHash": "65c2ae08",
  "browserHash": "c9e8acbe",
  "optimized": {
    "@angular/common": {
      "src": "../../../../../../node_modules/@angular/common/fesm2022/common.mjs",
      "file": "@angular_common.js",
      "fileHash": "5c509229",
      "needsInterop": false
    },
    "@angular/core": {
      "src": "../../../../../../node_modules/@angular/core/fesm2022/core.mjs",
      "file": "@angular_core.js",
      "fileHash": "4bee1906",
      "needsInterop": false
    },
    "@angular/forms": {
      "src": "../../../../../../node_modules/@angular/forms/fesm2022/forms.mjs",
      "file": "@angular_forms.js",
      "fileHash": "12e387f9",
      "needsInterop": false
    },
    "@angular/platform-browser": {
      "src": "../../../../../../node_modules/@angular/platform-browser/fesm2022/platform-browser.mjs",
      "file": "@angular_platform-browser.js",
      "fileHash": "dbc8302e",
      "needsInterop": false
    },
    "@angular/router": {
      "src": "../../../../../../node_modules/@angular/router/fesm2022/router.mjs",
      "file": "@angular_router.js",
      "fileHash": "5e5653d9",
      "needsInterop": false
    }
  },
  "chunks": {
    "chunk-YWYYIGPM": {
      "file": "chunk-YWYYIGPM.js"
    },
    "chunk-LBTQGGPK": {
      "file": "chunk-LBTQGGPK.js"
    },
    "chunk-AYRRKGUY": {
      "file": "chunk-AYRRKGUY.js"
    }
  }
}